order_year,total_revenue,total_orders
2003,1394316.8499999987,41
2004,1863629.3299999987,57
2005,728252.6100000003,24
